3,3,3,3,3,3,3,3,5,5,5,5,5,5,5,5,8,8,8,8,8,8,8,8,10,10,10,10,10,10,10,10,12,12,12,12,12,12,12,12,14,14,14,14,14,14,14,14
3,5,10,50,100,500,1000,10000,3,5,10,50,100,500,1000,10000,3,5,10,50,100,500,1000,10000,3,5,10,50,100,500,1000,10000,3,5,10,50,100,500,1000,10000,3,5,10,50,100,500,1000,10000
Montebourg,Montebourg,Montebourg,Montebourg,Montebourg,Montebourg,Montebourg,Montebourg,Montebourg,Montebourg,Montebourg,Montebourg,Montebourg,Montebourg,Montebourg,Montebourg,Montebourg,Montebourg,Montebourg,Montebourg,Montebourg,Montebourg,Montebourg,Montebourg,Montebourg,Montebourg,Montebourg,Montebourg,Montebourg,Montebourg,Montebourg,Montebourg,Montebourg,Montebourg,Montebourg,Montebourg,Montebourg,Montebourg,Montebourg,Montebourg,Montebourg,Montebourg,Montebourg,Montebourg,Montebourg,Montebourg,Montebourg,Montebourg
Montebourg,Montebourg,Montebourg,Montebourg,Montebourg,Montebourg,Montebourg,Montebourg,Montebourg,Montebourg,Montebourg,Montebourg,Montebourg,Montebourg,Montebourg,Montebourg,Montebourg,Montebourg,Montebourg,Montebourg,Philipot,Montebourg,Montebourg,Montebourg,Jadot,Montebourg,Lepen,Montebourg,Montebourg,Montebourg,Montebourg,Montebourg,Jadot,Montebourg,Lepen,Montebourg,Montebourg,Montebourg,Montebourg,Montebourg,Jadot,Montebourg,Lepen,Montebourg,Montebourg,Montebourg,Montebourg,Montebourg
Montebourg,Montebourg,Montebourg,Montebourg,Montebourg,Montebourg,Montebourg,Montebourg,Montebourg,Montebourg,Montebourg,Montebourg,Montebourg,Montebourg,Montebourg,Montebourg,Montebourg,Montebourg,Montebourg,Montebourg,Montebourg,Montebourg,Montebourg,Montebourg,Jadot,Montebourg,Montebourg,Montebourg,Montebourg,Montebourg,Montebourg,Montebourg,Jadot,Montebourg,Montebourg,Montebourg,Montebourg,Montebourg,Montebourg,Montebourg,Jadot,Montebourg,Montebourg,Montebourg,Montebourg,Montebourg,Montebourg,Montebourg
Montebourg,Montebourg,Montebourg,Montebourg,Montebourg,Montebourg,Montebourg,Montebourg,Montebourg,Montebourg,Macron,Montebourg,Montebourg,Montebourg,Montebourg,Montebourg,Philipot,Philipot,Montebourg,Montebourg,Montebourg,Montebourg,Montebourg,Montebourg,Montebourg,Macron,Montebourg,Montebourg,Montebourg,Montebourg,Montebourg,Montebourg,Hidalgo,Macron,Montebourg,Montebourg,Montebourg,Montebourg,Montebourg,Montebourg,Montebourg,Montebourg,Montebourg,Montebourg,Montebourg,Montebourg,Montebourg,Montebourg
Montebourg,Montebourg,Montebourg,Montebourg,Montebourg,Montebourg,Montebourg,Montebourg,Montebourg,Macron,Montebourg,Montebourg,Montebourg,Montebourg,Montebourg,Montebourg,Montebourg,Philipot,Montebourg,Montebourg,Montebourg,Montebourg,Montebourg,Montebourg,Montebourg,Philipot,Montebourg,Montebourg,Montebourg,Montebourg,Montebourg,Montebourg,Montebourg,Philipot,Montebourg,Montebourg,Montebourg,Montebourg,Montebourg,Montebourg,Montebourg,Philipot,Montebourg,Montebourg,Montebourg,Montebourg,Montebourg,Montebourg
Montebourg,Montebourg,Montebourg,Montebourg,Montebourg,Montebourg,Montebourg,Montebourg,Montebourg,Montebourg,Montebourg,Montebourg,Montebourg,Montebourg,Montebourg,Montebourg,Montebourg,Montebourg,Lepen,Montebourg,Montebourg,Montebourg,Montebourg,Montebourg,Jadot,Montebourg,Lepen,Montebourg,Montebourg,Montebourg,Montebourg,Montebourg,Jadot,Montebourg,Lepen,Montebourg,Montebourg,Montebourg,Montebourg,Montebourg,Jadot,Montebourg,Lepen,Montebourg,Montebourg,Montebourg,Montebourg,Montebourg
Macron,Montebourg,Montebourg,Montebourg,Montebourg,Montebourg,Montebourg,Montebourg,Macron,Montebourg,Montebourg,Montebourg,Montebourg,Montebourg,Montebourg,Montebourg,Macron,Montebourg,Montebourg,Montebourg,Montebourg,Montebourg,Montebourg,Montebourg,Jadot,Montebourg,Montebourg,Montebourg,Montebourg,Montebourg,Montebourg,Montebourg,Jadot,Montebourg,Montebourg,Montebourg,Montebourg,Montebourg,Montebourg,Montebourg,Jadot,Montebourg,Montebourg,Montebourg,Montebourg,Montebourg,Montebourg,Montebourg
Macron,Montebourg,Montebourg,Montebourg,Montebourg,Montebourg,Montebourg,Montebourg,Macron,Montebourg,Montebourg,Montebourg,Montebourg,Montebourg,Montebourg,Montebourg,Macron,Montebourg,Montebourg,Montebourg,Montebourg,Montebourg,Montebourg,Montebourg,Jadot,Montebourg,Montebourg,Montebourg,Montebourg,Montebourg,Montebourg,Montebourg,Jadot,Montebourg,Montebourg,Montebourg,Montebourg,Montebourg,Montebourg,Montebourg,Jadot,Montebourg,Montebourg,Montebourg,Montebourg,Montebourg,Montebourg,Montebourg
