2,2,2,2,2,2,4,4,4,4,4,4,6,6,6,6,6,6,8,8,8,8,8,8,10,10,10,10,10,10,12,12,12,12,12,12,14,14,14,14,14,14
10,50,100,500,1000,10000,10,50,100,500,1000,10000,10,50,100,500,1000,10000,10,50,100,500,1000,10000,10,50,100,500,1000,10000,10,50,100,500,1000,10000,10,50,100,500,1000,10000
,Philipot,Montebourg,Montebourg,Montebourg,Montebourg,Montebourg,Philipot,Montebourg,Montebourg,Montebourg,Montebourg,Montebourg,Philipot,Montebourg,Montebourg,Montebourg,Montebourg,Montebourg,Philipot,Montebourg,Montebourg,Montebourg,Montebourg,Montebourg,Philipot,Montebourg,Montebourg,Montebourg,Montebourg,Montebourg,Philipot,Montebourg,Montebourg,Montebourg,Montebourg,Montebourg,Philipot,Montebourg,Montebourg,Montebourg,Montebourg
Montebourg,Philipot,Montebourg,Montebourg,Montebourg,Montebourg,Montebourg,Philipot,Montebourg,Montebourg,Montebourg,Montebourg,Montebourg,Philipot,Montebourg,Montebourg,Montebourg,Montebourg,Montebourg,Montebourg,Montebourg,Montebourg,Montebourg,Montebourg,Montebourg,Philipot,Montebourg,Montebourg,Montebourg,Montebourg,Montebourg,Philipot,Montebourg,Montebourg,Montebourg,Montebourg,Montebourg,Philipot,Montebourg,Montebourg,Montebourg,Montebourg
Montebourg,Philipot,Montebourg,Montebourg,Montebourg,Montebourg,Montebourg,Philipot,Montebourg,Montebourg,Montebourg,Montebourg,Montebourg,Philipot,Montebourg,Montebourg,Montebourg,Montebourg,Montebourg,Philipot,Montebourg,Montebourg,Montebourg,Montebourg,Montebourg,Philipot,Montebourg,Montebourg,Montebourg,Montebourg,Montebourg,Philipot,Montebourg,Montebourg,Montebourg,Montebourg,Montebourg,Philipot,Montebourg,Montebourg,Montebourg,Montebourg
Montebourg,Philipot,Montebourg,Montebourg,Montebourg,Montebourg,Montebourg,Montebourg,Montebourg,Montebourg,Montebourg,Montebourg,Montebourg,Montebourg,Montebourg,Montebourg,Montebourg,Montebourg,Montebourg,Philipot,Montebourg,Montebourg,Montebourg,Montebourg,Montebourg,Montebourg,Montebourg,Montebourg,Montebourg,Montebourg,Montebourg,Philipot,Montebourg,Montebourg,Montebourg,Montebourg,Philipot,Philipot,Montebourg,Montebourg,Montebourg,Montebourg
Montebourg,Philipot,Montebourg,Montebourg,Montebourg,Montebourg,Montebourg,Montebourg,Montebourg,Montebourg,Montebourg,Montebourg,Montebourg,Montebourg,Montebourg,Montebourg,Montebourg,Montebourg,Montebourg,Montebourg,Montebourg,Montebourg,Montebourg,Montebourg,Montebourg,Montebourg,Montebourg,Montebourg,Montebourg,Montebourg,Montebourg,Montebourg,Montebourg,Montebourg,Montebourg,Montebourg,Montebourg,Montebourg,Montebourg,Montebourg,Montebourg,Montebourg
Montebourg,Philipot,Montebourg,Montebourg,Montebourg,Montebourg,Montebourg,Philipot,Montebourg,Montebourg,Montebourg,Montebourg,Montebourg,Philipot,Montebourg,Montebourg,Montebourg,Montebourg,Montebourg,Philipot,Montebourg,Montebourg,Montebourg,Montebourg,Montebourg,Philipot,Montebourg,Montebourg,Montebourg,Montebourg,Montebourg,Philipot,Montebourg,Montebourg,Montebourg,Montebourg,Montebourg,Philipot,Montebourg,Montebourg,Montebourg,Montebourg
Montebourg,Montebourg,Montebourg,Montebourg,Montebourg,Montebourg,Montebourg,Montebourg,Montebourg,Montebourg,Montebourg,Montebourg,Montebourg,Montebourg,Montebourg,Montebourg,Montebourg,Montebourg,Montebourg,Montebourg,Montebourg,Montebourg,Montebourg,Montebourg,Montebourg,Montebourg,Montebourg,Montebourg,Montebourg,Montebourg,Montebourg,Montebourg,Montebourg,Montebourg,Montebourg,Montebourg,Montebourg,Montebourg,Montebourg,Montebourg,Montebourg,Montebourg
Montebourg,Montebourg,Montebourg,Montebourg,Montebourg,Montebourg,Montebourg,Montebourg,Montebourg,Montebourg,Montebourg,Montebourg,Montebourg,Montebourg,Montebourg,Montebourg,Montebourg,Montebourg,Montebourg,Montebourg,Montebourg,Montebourg,Montebourg,Montebourg,Montebourg,Montebourg,Montebourg,Montebourg,Montebourg,Montebourg,Montebourg,Montebourg,Montebourg,Montebourg,Montebourg,Montebourg,Montebourg,Montebourg,Montebourg,Montebourg,Montebourg,Montebourg
Montebourg,Philipot,Montebourg,Montebourg,Montebourg,Montebourg,Montebourg,Montebourg,Montebourg,Montebourg,Montebourg,Montebourg,Montebourg,Montebourg,Montebourg,Montebourg,Montebourg,Montebourg,Montebourg,Montebourg,Montebourg,Montebourg,Montebourg,Montebourg,Montebourg,Montebourg,Montebourg,Montebourg,Montebourg,Montebourg,Montebourg,Montebourg,Montebourg,Montebourg,Montebourg,Montebourg,Montebourg,Montebourg,Montebourg,Montebourg,Montebourg,Montebourg
